"id","time","person_id","post_id","comment_id"
"201","2021-08-01T20:10:08.549","123","NULL","212"
"202","2021-08-01T20:10:09.924","123","NULL","213"
"203","2021-08-01T20:10:48.128","123","202","NULL"
"204","2021-08-01T20:11:37.174","123","NULL","214"
"205","2021-08-01T20:11:38.807","123","NULL","217"
"206","2021-08-01T20:12:14.247","124","201","NULL"
"207","2021-08-01T20:12:16.253","124","NULL","212"
"208","2021-08-01T20:12:19.023","124","NULL","213"
"209","2021-08-01T20:12:24.464","124","NULL","207"
"210","2021-08-01T20:12:26.87","124","NULL","205"
"211","2021-08-01T20:12:29.039","124","NULL","209"
"212","2021-08-01T20:12:30.199","124","NULL","208"
"213","2021-08-01T20:12:32.831","124","203","NULL"
"214","2021-08-01T20:12:42.703","124","NULL","218"
"215","2021-08-01T20:12:45.062","124","NULL","219"
"216","2021-08-01T20:12:47.583","124","NULL","220"
"217","2021-08-01T20:15:08.532","125","201","NULL"
"218","2021-08-01T20:15:10.102","125","NULL","210"
"219","2021-08-01T20:15:11.965","125","NULL","211"
"220","2021-08-01T20:15:17.688","125","202","NULL"
"221","2021-08-01T20:15:19.494","125","NULL","205"
"222","2021-08-01T20:15:22.189","125","NULL","209"
"223","2021-08-01T20:15:23.814","125","NULL","208"
"224","2021-08-01T20:15:27.647","125","NULL","206"
"225","2021-08-01T20:15:37.6","125","203","NULL"
"226","2021-08-01T20:15:42.142","125","NULL","200"
"227","2021-08-01T20:15:45.751","125","NULL","216"
"228","2021-08-01T20:15:48.327","125","NULL","219"
"229","2021-08-01T20:15:49.823","125","NULL","215"
"230","2021-08-01T20:15:54.246","125","NULL","214"
"231","2021-08-01T20:16:57.983","126","201","NULL"
"232","2021-08-01T20:17:01.246","126","NULL","212"
"233","2021-08-01T20:17:03.936","126","NULL","211"
"234","2021-08-01T20:17:07.577","126","202","NULL"
"235","2021-08-01T20:17:10.126","126","NULL","205"
"236","2021-08-01T20:17:13.31","126","NULL","209"
"237","2021-08-01T20:17:17.919","126","NULL","207"
"238","2021-08-01T20:17:43.702","126","NULL","217"
"239","2021-08-01T20:17:45.527","126","NULL","219"
"240","2021-08-01T20:18:11.534","127","NULL","210"
"241","2021-08-01T20:18:13.143","127","NULL","213"
"242","2021-08-01T20:18:15.718","127","NULL","212"
"243","2021-08-01T20:18:18.616","127","202","NULL"
"244","2021-08-01T20:18:25.59","127","NULL","208"
"245","2021-08-01T20:18:30.718","127","NULL","200"
"246","2021-08-01T20:18:41.47","127","NULL","218"
